2872,ACCASLLW-LM2AB2,"Lian Li W-LM2AB-2 Side Panel Black - compatible with Lian Li B25F, P50, 60FN & 7FN mid tower chassis",1
2881,ACC-VOUCHER100,"$100 Gift Voucher from Austin Computer.",2
2883,ACC-VOUCHER200,"$200 Gift Voucher from Austin Computer.",3
2885,ACC-VOUCHER50,"$50 Gift Voucher from Austin Computer.",4
2891,ACDVIF-HDMIM,"HDMI Male to DVI Female Adaptor",5
2893,ACDVIIM-VGAF,"DVI Male to VGA HD15 Female Adaptor",6
3039,ACNBBPRO10,"Big Ant 10"" Protection Bag for notebooks",7
3060,ACNBPSUAX120AAC,"# Amacrox Laptop N12 - Universal Notebook Power Adapter 120W 19V",8
3063,ACNBPSUBANB90W,"Big Ant 90W Notebook Universal Notebook AC Power Adaptor 100-240V Input , Output can be select from DC15V to  24V  ",9
3108,ACPOWUNI-AD-N2,"Universal Travel Adapter  ( Other Countries AC Power Plug Convert to AUS AC Power Plug ) ",10
3167,NBP-P-CUA0090B,"Universal 90W AC Adapter (No Tips)",11
3173,SYS-AUS-PCASM,"PC Assembly and built  by Austin to Suit Your Personal Needs & Budget - Includes Testing & Benchmarking for Quality Assurance",12
3323,CAB-ACC2,"AC-240V 2 Core Light Duty Appliance Power Cable",13
3331,CAB-ACIECF,"AC-240V Power Cable 2M, Wall 3-Pin Main Plug to PC",14
3332,CAB-ACIECF2,"AC-240V Power Splitter Cable 2M",15
3339,CAB-ATXCB-8PEXT,"ATX 8 Pin Graphics card extension cables",16
3348,CAB-ATXP04SA2,"ATX 4-pin Molex Male Power to 2x Serial ATA-15pin Cable Adapter 15cm",17
3351,CAB-ATXP24P20,"ATX 24-Pin PSU to 20-Pin Mainboard Cable Adapter 20cm, P20 Femal - P24 Male",18
3353,CAB-ATXRC-37441,"IEC Power Cable 2m 15 AMPS C19 ",19
3357,CAB-AUD3.5MF02,"3.5mm Stereo Jack Audio Extension Cable 2M Male to Female",20
3358,CAB-AUD3.5MF05,"3.5mm Stereo Jack Audio Extension Cable 5M Male to Female",21
3359,CAB-AUD3.5MM02,"3.5mm Stereo Jack Audio cable 1.5M, Male to Male, for sound card to monitor,",22
3391,CAB-DIS-DIS-03M,"Display Port Male to Male Cable 3M ",23
3392,CAB-DIS-DIS-05M,"Display Port Male to Male Cable 5M ",24
3402,CAB-DM-HDMI1.5M,"Mini Display Port M to HDMI  Adaptor Cable 2M",25
3412,CAB-DVID-MM02,"DVI-D 24+1pin Cable - 2m Male to Male, Digital Dual Link",26
3419,CAB-DVII-MF02,"DVI-I 24+5pin Extension Cable - 2m Male to Female, Digital & Analogue Dual Link",27
3421,CAB-DVII-MM02,"DVI-I 24+5pin Cable - 2m Male to Male, Digital & Analogue Dual Link",28
3425,CAB-DVI-Y24M,"DVI Splitter Cable DVI24M - DVI24M x 2 with 2 Filters 1.8m         ",29
3459,CAB-HDMMM10MV14,"High Speed HDMI 1.4 Cable with Ethernet Male to Male 10M ( Support 3D ) ",30
3462,CAB-HDMMM20MV14,"High Speed HDMI 1.4 Cable with Ethernet Male to Male 20M ( Support 3D )  with Built in Booter ",31
3464,CAB-HDMM-M3MV14,"High Speed HDMI 1.4 Cable with Ethernet Male to Male 3M ( Support 3D )                         ",32
3492,CAB-NW001C6,"RJ45M to RJ45M Cat6E UTP Network Cable - 1M",33
3531,CAB-NWC020C5,"Cat5e Cross Over Patch Lead Network Cable 20M ",34
3558,"CAB-RC-5051    ","3 Pin Fan Spliter Y Cable",35
3597,CAB-USB3-AB1M,"Apower/Big Ant USB3.0 Certified  Printer Cable AM-BM 1M",36
3601,CAB-USB3-AF1M,"Apower/Big Ant USB3.0 Certified  AM-FM Extension Cable 1M                                                                                                           ",37
3603,CAB-USB3-AF3M,"Apower/Big Ant/Anyware  USB3.0 Certified  AM-FM Extension Cable 3M   ",38
3612,CAB-USBAMAF02,"USB 2.0 Certified Extension AM to AF Transparent Metal Sheath Cable 2M",39
3613,CAB-USBAMAF03,"USB 2.0 Certified Extension AM to AF Transparent Metal Sheath Cable 3M",40
3614,CAB-USBAMAF05,"USB 2.0 Certified Extension AM to AF Transparent Metal Sheath Cable 5M",41
3617,CAB-USBAMAM01,"USB 2.0 Certified Cable AM-AM 1m Transparent Metal Sheath UL Approved",42
3619,CAB-USBAMAM03,"USB 2.0 Certified Cable AM-AM 3m Transparent Metal Sheath UL Approved",43
3624,CAB-USBAMBM01,"USB 2.0 Certified Cable A-B 1m ",44
3626,CAB-USBAMBM02,"USB 2.0 Certified Cable A-B 2m ",45
3627,CAB-USBAMBM03,"USB 2.0 Certified Cable A-B 3m",46
3628,CAB-USBAMBM05,"USB 2.0 Certified Cable A-B 5m Transparent Metal Sheath UL Approved                ",47
3645,CAB-VGA-MF02,"VGA Monitor Extension Cable - 2m - HD15pin Male to Female",48
3652,CAB-VGA-MF30,"VGA Monitor Extension Cable - 30m - HD15pin Male to Female",49
3653,CAB-VGA-MM02,"VGA Monitor Cable - 2m - HD15pin Male to Male",50
3656,CAB-VGA-MM10,"VGA Monitor Cable - 10m - HD15pin Male to Male",51
3658,CAB-VGA-MM20,"VGA Monitor Cable - 20m - HD15pin Male to Male, with Filter, UL Approved",52
4166,COCDSLEEVE,"Lemel CD plastic Sleeve 100 pcs",53
4191,BK-IM-TR4-8,"Imation Travan - 8GB",54
4196,BK-IM-DDS4-CL,"Imation Travan - 20GB Compatible: Travan NS 20 GB,",55
4491,KBLO920-002361,"Logitech K800 RF Wireless Black",56
4499,KBLO920-003057,"Logitech K270 RF Wireless Black, Grey",57
4509,KBMSB2M-00009,"Microsoft Natural Ergonomic Keyboard 4000",58
4887,ACNWFITDSL2320,"ADSL 8WD-S201A  2+ Splitter ",59
4989,RTVERPR1,"Vertix PR1 Pocket Size 3G 150Mbps Wireless Router",60
5129,NWWLTL-WN851ND,"TP-Link TL-LPB-WN851ND Low Profile Bracket For TL-WN851ND",61
5254,POS-LS4278,"Symbol / Motorola Cordless Handheld Scanner",62
5568,RS1-4001GHS,"Strontium 1GB DDR1 400MHz Notebook Memory - SRD1G86S1-D4H",63
5671,SWMYFG1.1.0,"MYOB First Edge, Basic business managment software built for Mac.",64
5715,SYS-AUS-SERVER,"See Notes Below",65
5830,COKMA0V30UK,"Konica Toner Value Pack For Magicolor 1600, Black",66
5938,"WAR-ASUS3RDYR ","ASUS EXTEND FROM 2 YEAR TO 3RD YEAR GLOBAL WARRANTY",67
5942,WAR-TOS-2YR,"TOSHIBA from 1 Year  to 3 Year Extended Warranty ",68
6253,SYS-AU-SUPPORT,"Austin System Care Lifetime Peace of Mind Phone Tech Support with system purchase",69
6263,SYS-AU-PSUPPORT,"Austin Lifetime Phone Support for Austin Customer who Purchased a System with us",70
6274,SYS-AUS-SERV,"Server Assembled by Austin",71
6429,ACIPLUX-LH0012,"Thermaltake LUXA2 H10 iPod/iPhone Bike Mount - ( Water resistant & 360 degree Rotatable ) ",72
6522,SYS-AT-AUSPECIA-ADJST,"PRICE ADJUSTMENT FOR SYS-AT-AUSPECIA",73
6524,SYS-AT-AVE-ADJST,"PRICE ADJUSTMENT FOR SYS-AT-AVE",74
6530,SYS-AT-MODEL4-ADJST,"PRICE ADJUSTMENT FOR SYS-AT-MODEL4",75
6532,SYS-AT-AVB-ADJST,"PRICE ADJUSTMENT FOR SYS-AT-AVB",76
6535,SYS-AT-AMD6X-ADJST,"PRICE ADJUSTMENT FOR SYS-AT-AMD6X",77
6537,SYS-AT-MODEL6-ADJST,"PRICE ADJUSTMENT FOR SYS-AT-MODEL6",78
6541,SYS-AT-MEDIAPC2-ADJST,"PRICE ADJUSTMENT FOR SYS-AT-MEDIAPC2",79
6545,SYS-AT-MEDIAPC-ADJST,"PRICE ADJUSTMENT FOR SYS-AT-MEDIAPC",80
6548,SYS-AT-MODEL16-ADJST,"PRICE ADJUSTMENT FOR SYS-AT-MODEL16",81
6551,SYS-AT-MODEL12-ADJST,"PRICE ADJUSTMENT FOR SYS-AT-MODEL12",82
6557,SYS-AT-AUSBENE-ADJST,"PRICE ADJUSTMENT FOR SYS-AT-AUSBENE",83
6559,SYS-AT-MODEL21-ADJST,"PRICE ADJUSTMENT FOR SYS-AT-MODEL21",84
6562,SYS-AUS-GAMING1-ADJST,"PRICE ADJUSTMENT FOR SYS-AUS-GAMING1",85
6565,SYS-AUS-GAMING2-ADJST,"PRICE ADJUSTMENT FOR SYS-AUS-GAMING2",86
6568,SYS-I7980ULTIMA-ADJST,"PRICE ADJUSTMENT FOR SYS-I7980ULTIMA",87
6570,SYS-AT-CAD1-ADJST,"PRICE ADJUSTMENT FOR SYS-AT-CAD1",88
6572,SYS-AT-CAD2-ADJST,"PRICE ADJUSTMENT FOR SYS-AT-CAD2",89
6575,SYS-AT-CAD3-ADJST,"PRICE ADJUSTMENT FOR SYS-AT-CAD3",90
7089,SYS-AUS-LIQUID,"Liquid Cooling Installed for Optimum Cooling and Performance - ( Services Maintenances every 6 Months need, otherwise any Fault cause by liquid cooling might VOID any & all Warranty. This includes leaks or pump failure ",91
7138,SYS-AT-SERVER2--ADJST,"PRICE ADJUSTMENT FOR SYS-AT-SERVER2-",92
7140,SYS-AT-SERVER3-ADJST,"PRICE ADJUSTMENT FOR SYS-AT-SERVER3",93
7142,SYS-AT-SERVER4-ADJST,"PRICE ADJUSTMENT FOR SYS-AT-SERVER4",94
7144,SYS-AT-SERVER1-ADJST,"PRICE ADJUSTMENT FOR SYS-AT-SERVER1",95
7267,SYS-AUS-RAID1,"Hard drives Configured in a Raid 1 Array for Data Security",96
7277,CAB-IDE-133,"ATA 133 IDE Cable 45cm",97
7319,CAB-HDMM-M5MV14,"High Speed HDMI 1.4 Cable with Ethernet Male to Male 5M ( Support 3D ) ",98
7321,cab-dis-mi-hdm2,"Mini Display Port Male to HDMI Male Cable 2M - 8ware",99
7330,CAS-BISHINOBI-W,"BitFenix Shinobi Mid-Tower Case, White",100
7364,NBP-P-CUA5040D,"Universal 45W Adapter DC Output: 9-20V/3.8A  Max (No Tips) )CUA5040D)",101
7515,SWCLICKFREEDVD,"ClickFree DVD100 DVD Photo Edition, 3 Pack Retail Box ",102
7768,AT-MANAGED-AV,"AustinCare Managed End Point Security - 60 Days Free Trial",103
7776,KBMSJUA-00011,"Microsoft Wireless Optical Desktop 700 USB OEM.",104
7839,CAB-DIS-ADP-DVI,"Anyware Mini Active Display Port to DVI Adapter",105
7891,NWWLTL-WN881NDL,"TP-Link TL-LPB-WN881ND Low Profile Bracket For TL-WN881ND",106
7894,NWWLTL-WDN4800L,"Low Profile Bracket For TL-WDN4800",107
7946,CAB-HDMI-MINI2,"Mini HDMI to HDMI Cable 1.8m",108
7992,CAB-APPLE-LIGHT,"Apple Lighting USB 2.0 Cable MFI Certified",109
8063,CAB-USB-MIC2MIC,"USB 2.0 Certified Cable - Micro-USB A Male to Micro-USB B Male, Black 1.8m",110
8226,CAB-USB3-A-MB1M,"USB 3.0 Certified Cable - USB A Male to Micro-USB B Male, Blue 1m",111
8249,CAB-USBU9F2U3,"Internal 9-Pin USB 2.0 Femal to 19-Pin USB 3.0 Male Converter",112
8338,IN8WD-XN800,"8ware Touch 8 Mobile Digital Pen Designed for Windows 8",113
8342,"INW8TP-001 ","Amaze Win 8 Touch Pen",114
8381,CMKGCW225H,"KGuard CW225H CCD Camera",115
8823,CAS-FDXLR2B,"Fractal Design Define  XL R2 Full Tower Case. Black",116
104209,CAB-DIS-DVI-2M,"Display Port to DVI Male Cable 1.8m  ( RC-DPDVI-2 ) - Max Res 1920 x 1080  ",117
104215,PST-USB32DTG3,"Kingston Technology DataTraveler 100 G3 32GB 32GB 3.0 (3.1 Gen 1) USB Type-A connector Black USB flash drive",118
104233,PPHKUSBSAC404,"Huntkey 4 Outlet Surge Protected Powerboard with Dual 5V 2.1A USB Ports",119
104241,CAB-HDMM-F2MV14,"High Speed HDMI 1.4 Extension Cable with Ethernet Male to Female 2M ( Support 3D ) ",120
104242,CAB-HDMM-F3MV14,"High Speed HDMI 1.4 Extension Cable with Ethernet Male to Female 3M ( Support 3D ) ",121
104474,POS-LS3578-FZ,"Symbol Integrated BluetoothCordless Scanner",122
104482,PST-USB64DT100G,"Kingston Technology DataTraveler 100 G3 64GB 64GB 3.0 (3.1 Gen 1) USB Type-A connector Black USB flash drive",123
104489,SERVICECHARGE,"Service Labour Charge",124
104994,CAB-DISMIN-DIS2,"Mini Display Port Male to Standard Display Port Cable Male - Male 1.8 M  ",125
105108,CAS-BIPRO-M-BK,"BitFenix PRODIGY-M Micro-ATX Case. Black",126
151607,RS31600CT4G1.3V,"Crucial 4GB DDR3 1600MHz Notebook RAM - CT51264BF160B ",127
239312,ACMBT-LCDT9,"Brateck Dual LCD Monitor Table Stand w/Arm & Desk Clamp",128
239383,CAB-HDMIVGA-2,"HDMI to VGA Converter Cable - 2m       ",129
239476,SYS-6027R-TRF,"SuperServer 6027R-TRF (Black)",130
239507,CAB-DISMIN-DIS5,"Mini Display Port Male to Standard Display Port Cable Male - Male 5 M",131
239532,SYS-SERVER-SILV-ADJST,"PRICE ADJUSTMENT FOR SYS-SERVER-SILV",132
239534,SYS-SERVER-GOLD-ADJST,"PRICE ADJUSTMENT FOR SYS-SERVER-GOLD",133
239536,SYS-SERVER-PLAT-ADJST,"PRICE ADJUSTMENT FOR SYS-SERVER-PLAT",134
239540,NWTL-SM311LM1,"!TP-Link TL-SM311LM1 Gigabit SFP MiniGBIC Module",135
265400,COCD-INTACT,"Intact CD-R 52X 80 MIN/700MB Inkjet Printable White 50pc",136
265441,SVR-SUP-5038DI-ADJST,"PRICE ADJUSTMENT FOR SVR-SUP-5038DI",137
265444,SVR-SUP-5018DMT-ADJST,"PRICE ADJUSTMENT FOR SVR-SUP-5018DMT",138
265450,SVR-SUP-7047RTR-ADJST,"PRICE ADJUSTMENT FOR SVR-SUP-7047RTR",139
265477,ACCASLB-FSHELF,"LinkBasic 550mm Deep Fixed Shelf for 800mm Deep Cabinet only",140
265710,LED-MR16CW-5WN,"LEDware LED 5W (350 lm) COB Cool White MR16 Spotlight",141
265711,LED-GU10WW-5WDN,"LEDware LED 5W (280 lm) COB Warm White GU10 Dimmable Spotlight (Equivalent to: 25W halogen)",142
265713,LED-E27WW-9W,"LEDware LED 9W (720 lm) Warm White E27 Edison Screw Lightbulb",143
265717,LED-B22WW-9WNC,"LEDware LED 9W (850lm) Warm White B22 Bayonet Lightbulb ",144
265719,LED-B22CW-9WNC,"LEDware LED 9W (800lm) Cool White B22 Bayonet Lightbulb ",145
265725,LED-GU10WW-10W,"LEDware LED 10W (550 lm) COB Warm White GU10 Spotlight",146
265785,IO-CARDLAWIFIHU,"Laser Wireless ShAIR Hub - Black",147
266138,SWMC2014OEM,"McAfee 3 users 1 year IS 2014 OEM Full Package",148
266310,ACDPU3000-D4,"Sunix Tiny Universal Display Port Graphics Splitter (DPU3000-D4) (VGA,HDMI,DP)",149
266443,CAS-WT-NB6122,"Wiretek 19"" 22RU Flat Pack 1100mm Deep Floor Standing Data Cabinet",150
266521,ACWL-UH1041P,"Wavlink 4 Ports USB Wall Charging Station WL-UH1041P",151
266523,ACGR2PORT,"Griffin 2 Port USB Car Charger",152
266524,ACGR1PORT,"1 Port USB Car Charger",153
266680,NWTL-POE10R,"TP-Link PoE Receiver Adapter, IEEE 802.3af, up to 100m, 5V/12V power output",154
266876,SSD240ADSP600,"ADATA SP600 256GB SSD (SSD240ADSP600)",155
267364,RS31600CT8G1.3V,"Crucial 8GB DDR3 1600MHz Notebook RAM - CT102464BF160B",156
267592,ACHDMIM-Microf,"HDMI Male to Micro HDMI Female Convertor",157
267602,CAB-NW005C5,"Network Cable - 5M RJ45M to RJ45M Cat5E UTP",158
267604,CAB-NW-UTP-20MB,"Network Cable - 20M / RJ45 Cat5 [CB-RJ20]",159
267884,ACC15FZ-VSTM12U,"FZ-M1 Toughpad  X-Hand Strap",160
268128,COCDS-WSD100,"Dual Side PVC One Side, Woven Another Side CD Sleeve (Pack of 100)Dual Side PVC One Side, Woven Another Side CD Sleeve (Pack of 100)",161
268289,SYS-SER-ENTP-ADJST,"PRICE ADJUSTMENT FOR SYS-SER-ENTP",162
268291,SYS-AT-MODEL8-ADJST,"PRICE ADJUSTMENT FOR SYS-AT-MODEL8",163
268293,SYS-AT-MODEL20-ADJST,"PRICE ADJUSTMENT FOR SYS-AT-MODEL20",164
268295,SYS-AT-SVRFS105-ADJST,"PRICE ADJUSTMENT FOR SYS-AT-SVRFS105",165
268553,CAB-NW0.5ANC6,"Anyware 0.5M Cat6 UTP Network Cable Blue, Snagless RJ45M to RJ45M",166
268572,ACCHDXR-FD99-RD,"DXRacer DXR-FD99-RD F Series PC Office/Gaming Chair Black & Red - Delivery Not Available ",167
268621,ACEZCAST,"Ezcast HDMI Streaming Media Player, watch TV , movie , and apps on your big screen ",168
268689,CAB-NW050C6B,"Network Cable - 50M RJ45M to RJ45M Cat6 Cable -BLUE",169
268798,CAB-NW0.5C6B,"Network Cable - 0.5M RJ45M to RJ45M Cat6 Cable -BLUE",170
268799,CAB-NW001C6B,"Network Cable - 1M RJ45M to RJ45M Cat6a Cable -BLUE",171
268801,CAB-NW003C6B,"Network Cable - 3M RJ45M to RJ45M Cat6 Cable -BLUE",172
268802,CAB-NW005C6B,"Network Cable - 5M RJ45M to RJ45M Cat6 Cable -BLUE",173
268804,CAB-NW015C6B,"Network Cable - 15M RJ45M to RJ45M Cat6 Cable -BLUE",174
268850,CAB-NW002C6G,"Network Cable - 2M RJ45M to RJ45M Cat6 Cable -GREEN",175
268851,CAB-NW003C6G,"Network Cable - 3M RJ45M to RJ45M Cat6 Cable -GREEN",176
268852,CAB-NW005C6G,"Network Cable - 5M RJ45M to RJ45M Cat6 Cable -GREEN",177
268870,CAB-NW001C6G,"Network Cable - 1M RJ45M to RJ45M Cat6 Cable -GREEN",178
268871,CAB-NW010C6G,"Network Cable - 10M RJ45M to RJ45M Cat6a Cable -GREEN",179
268875,CAB-NW040C6G,"Network Cable - 40M RJ45M to RJ45M Cat6 Cable -GREEN",180
268876,CAB-NW050C6G,"Network Cable - 50M RJ45M to RJ45M Cat6 Cable -GREEN",181
268943,ACCASCM62102631,"Coolermaster 621026310-GP Trooper 2.5"" HDD/SSD X-dock and Trooper/Stryker X-Dock Hot Swap PCB ",182
269309,PARTSONLY,"**Parts Only below**  ( Peripheral , Software item is not in parts of the system built )",183
269331,CAB-DIS-DIS-03A,"Display Port Male to Male Cable 3M - 8ware",184
269334,CAB-DIS-DIS-02A,"Display Port Male to Male Cable 2M - 8ware",185
269335,CAB-DIS-MIN-HDA,"Mini Display Port M to HDMI F Adapter Cable 20cm - 8ware",186
269336,CAB-DIS-DIS-05A,"Display Port Male to Male Cable 5M - 8ware",187
269368,ACQUADROFPBRACK,"Quadro Full profile Bracket for Quadro K1200",188
269857,ACDISJ5JDA114-1,"J5create DisplayPort to VGA Adapter",189
269858,ACDISJ5JDA134-1,"J5create DisplayPort to DVI Adapter",190
269859,ACDISJ5JDA158-1,"J5create 4K HDMI DisplayPort Active Adapter",191
269860,ACDISJ5JDA213-2,"J5create HDMI to VGA Adapter (support HDCP)",192
269861,ACDISJ5JUA355-1,"J5create USB 3.0 to HDMI Slim Display Adapter",193
269862,ACDISJ5JUA375-1,"J5create USB 3.0 Multi Function Adapter USB Hub + Gigalan+HDMI (Windows/Mac)",194
269864,ACNBJ5-JUC500-1,"J5create USB3.0 WORMHOLE SWITCH (MAC/Windows) USB3.0 Transfer Cable",195
269865,ACNBJ5-JUD500-5,"J5create USB 3.0 Ultra Station(Windows/Mac/Android)",196
269867,ACNBJ5-JUH345WE,"J5create USB 3.0 Harmonica Hub White Edition",197
269925,NBPA15FZ-G1L310,"Panasonic Toughpad 15FZ-G1L3101BA  FZ-G1 (10.1"") Mk3 with Barcode Reader ",198
269947,CAB-NW001C6RD,"Network Cable - 1m RED CAT6 patch leads  ",199
269995,AUDSCBAPCI-E,"Big Ant PCI-E 4 Channel Sound Card",200
270242,RS31333CR4G,"Crucial 4GB DDR3 1333Mhz for MAC / PC - CT4G3S1339M",201
270243,RS31333CR8G,"Crucial 8GB DDR3 1333Mhz for MAC / PC - CT8G3S1339M",202
270362,CODVD-R50X16-RI,"Ritek DVD-R 16x 50pc Pack Printable",203
270363,COBD-R25X6-RI,"Ritek 6X BD-R 25GB 25pc Spindle Printable Blu-ray Disc",204
270419,CAB-USB31-CA1M,"8Ware USB 3.1 Cable Type-C to USB-A M/M 1m - 10Gbps",205
270421,CAB-USB31-CB1M,"8Ware USB 3.1 Cable Type-C to USB-B M/M 1m, 10Gbps",206
270423,CAB-USB31-CBPRO,"Promate uniLink-CB Premium New USB 3.1 Type-C to USB-B Printer Cable 1m - BLACK",207
270424,CAB-USB31-CC1M,"8Ware USB 3.1 Cable Type-C to C M/M 1m - 10Gbps, 3A/60W, USB Power Delivery",208
270425,CAB-USB31-CC1MF,"8Ware USB 3.1 Cable Type-C to C M/M 1m - 10Gbps, 5A/100W, USB Power Delivery",209
270426,CAB-USB31-CMB1,"8Ware USB 3.1 Cable Type-C to Micro B M/M 1m - 10Gbps",210
270428,CAB-USB31-CMBPR,"Promate uniLink-CMB Premium New USB 3.1 Type-C to USB Micro-B Cable 1m - BLACK",211
270676,ACHDMIF-DVIDM,"HDMI Female to DVI-D Male Adaptor",212
270736,ACHDMIF-MICROHD,"Promate proLink.H3 24K Gold Plated ""HDMI Female to Micro-HDMI"" Adapter,  Supports Full HD -black",213
270778,WLPAASPCE-AC88,"ASUS AC3100 WLAN 2167Mbit/s networking card",214
270779,WLPASUSB-AC68,"ASUS USB-AC68 Internal WLAN 1300Mbit/s networking card",215
270802,CAB-HDMM02V2,"Premium HDMI Certified Cable Male-Male 2m - 4Kx2K @ 60Hz",216
270823,AUDSPASAS300TWH,"Astone ACOUSTIC-MINI White bluetooth Speaker",217
270824,AUDSPAS330T,"Astone ACOUSTIC-SOLO Bluetooth speaker",218
270826,AUDSPASAS300TBL,"Astone ACOUSTIC-MINI Black bluetooth Speaker",219
270845,NWPNG-PL1000,"Netgear PL1000 Powerline 1000 ,Gigabit Powerline Extender, Homeplug AV2 Support, Push and Secure",220
270861,ACDIS-DMP-HDV3,"Orico Mini Display Port to HDMI+DVI+VGA Adapter - Support 4K",221
270908,ACCHDXR-FL08-BL,"DXRacer F Series Gaming Chair, Sparco Style, Neck/Lumbar Support - Black & Blue / Not Available For Delivery",222
270909,ACCHDXR-FL08-GN,"DXRacer F Series Gaming Chair, Sparco Style, Neck/Lumbar Support - Black & Green / Not Available For Delivery",223
270910,ACCHDXR-FL08-RD,"DXRacer F Series Gaming Chair, Sparco Style, Neck/Lumbar Support - Black & Red / Not Available For Delivery",224
270912,ACCHDXR-KS06-BL,"DXRacer KS06 Series Gaming Chair, Neck/Lumbar Support - Black & Blue / Not Available For Delivery",225
270913,ACCHDXR-KS06-RD,"DXRacer KS06 Series Gaming Chair, Neck/Lumbar Support - Black & Red / Not Available For Delivery",226
270914,ACCHDXR-KS06-WH,"DXRacer KS06 Series Gaming Chair, Neck/Lumbar Support - Black & White / Not Available For Delivery",227
270964,ACMDP-DVI-OR,"ORICO Mini Displayport to DVI Adapter with Built-in 10cm Data Cable",228
271075,ACUSBTA-TC,"Sunix USB Type A to Type C Dongle",229
271121,ACDCRGBSTP360,"Deepcool RGB Colour LED 360 Strip Lighting Kit With Remote",230
271223,ACNBPSUFPS-NB65,"FSP Universal Notebook Power Adapter 65W 19V",231
271362,ACNBPSUFPS-NB90,"FSP Universal Notebook Power Adapter 90W 19V",232
271452,ACHDMIF-MINIHDP,"Promate 'proLink.H2' 24K Gold-Plated HDMI-Female to Mini-HDMI Adapter",233
271532,CAB-TOSLINK1.5,"Toslink Optical Audio Cable 1.5m",234
271553,SWACIMAG2017,"Acronis True Image 2017 #1 Personal Backup Software Retail Box 1 PC",235
271626,PPHKUSBSAC807,"Huntkey 8 Outlet Surge Protected Powerboard with 4 USB Ports",236
271627,CAS-AY-209,"Aywun 209 mATX Integrator's Case w/500w PSU. 24PIN ATX, 8PIN EPS, 1x USB3 +1x USB2 Front HD Audio. 2 Yrs Warranty",237
271895,"ACAUDSPSHVM01 ","Shintaro Vertical Glass Mount for Vibro",238
271917,ACNBPSUFSP-NBH1,"FSP Universal Notebook Power Adapter 110W 19V with 3 Built-in USB 3.0 ports",239
271947,NWNICTG3468LPB,"TP-Link Low profile bracket For TG-3468",240
272126,NWPTL-WPA8630PK,"!TP-Link TL-WPA8630P KIT AV1200 WiFi Kit - AC1200 WIFI /w WIFI Clone / 2x2 MIMO / AC Pass Through / 3x Gigabit Ethernet Ports / Up to 300m Range",241
272174,RTTL-ARCHERC20,"TP-Link Archer C20 AC750 Wireless Dual Band Router, Simultaneous 2.4GHz 300Mbps and 5GHz 433Mbps connections for 733Mbps of total available bandwidth",242
272274,ACMSRZ020107010,"Razer Goliathus Small Speed Gaming Mouse Mat - SMALL (SPEED) (270MM X 215MM)",243
272277,ACMSRZ020107060,"Razer Goliathus Control Fissure Edition - Soft Gaming Mouse Mat Medium - FRML Packaging (355mm x 254mm)",244
272280,ACMSRZ020183020,"Razer Gaming Gigantus Elite Cloth Mouse Mat (RZ02-01830200) (445x445x3mm)",245
272375,ACPBTL-PB20100,"TP-Link Ally Series 20100mAh Ultra Compact Power Bank - Dual USB Ports
 (TL-PB20100)",246
272380,ACTP-LB120,"TP-Link LB120 Smart Wi-Fi LED Bulb (A19 Bulb, E26 Fitting, 800 lm 60W, 2700K - 6500K) with Dimmable Light, Compatible with Google Home and Amazon Echo Alexa",247
272381,ACTP-LB130,"TP-Link LB130 Smart Wi-Fi LED Bulb (A19 Bulb, E26 Fitting, 800 lm 60W, 2500K - 9000K) with Color Changing Hue, Dimmable Light, Compatible with Google Home and Amazon Echo Alexa",248
272382,ACUSB-UP525,"TP-Link UP525 5W 5-Port USB Charger, 5 USB 2.0 ports(5V/2.4A max per port, total 5V/5.0A), 1 extended AC cable included",249
272383,ACUSB-UP540,"TP-Link UP540 40W 5-Port USB Charger, 5 USB 2.0 ports(5V/2.4A max per port, total 5V/8.0A), 1 extended AC cable included",250
272389,CAS-INWIN-101BL,"InWin 101 BLACK ATX CASE, WINDOW TEMPERED GLASS, RED LED INWIN LOGO, NO PSU",251
272638,SWTL-TL-SG108PE,"TP-Link TL-SG108PE 8-Port Gigabit Desktop PoE Easy Smart Switch",252
272648,WLATLWBS510,"TP-Link 300Mbps 5Ghz Outdoor Wireless Base Station (WBS510) (Long Range)",253
272649,WLP-ARCHERT2UH,"TP-Link Dual Band High Gain USB 2.0 Wireless Adapter (Archer T2UH) (AC600, 433/150Mbps) ",254
272650,WLP-ARCHERT2UHP,"TP-Link Dual Band High Power USB 2.0 Wireless Adapter (Archer T2UHP) (AC600, 433/150Mbps)",255
272651,WLP-ARCHERT4UHP,"TP-Link Archer T4UHP AC1300 High Power Wireless Dual Band USB Adapte",256
272660,ACCLBOSTON,"Boston Blow Off Air Duster 285g",257
272816,DTMEPCSTICKATOM,"PC Stick with Windows 10 - Intel Atom Z8350 Quad Core CPU",258
273024,ACRZGOLIATHUSCO,"Razer Goliathus Control Fissure Edition - Soft Gaming Mouse Mat Large - FRML Packaging (444mmx355mm)",259
273025,ACRZ02-01071600,"Razer Gaming Goliathus Overwatch Cloth Mouse Mat (RZ02-01071600)  (Ex920x294x4mm) ",260
273069,CAS-TTCA-1H9-00,"Thermaltake Core P1 Mini ITX Wall Mount Case (Open Sided, Tempered Glass Front, Black Base)(CA-1H9-00T1WN-00)",261
273070,PSU-TT-TPG-0650,"Thermaltake Toughpower DPS G RGB Gold 650w Power Supply",262
273071,PSU-TT-TPG-0750,"Thermaltake Toughpower DPS G RGB Gold 750w Power Supply",263
273073,PSU-TT-SPR-0650,"Thermaltake Smart Pro RGB 650W Bronze Fully Modular Power Supply",264
273079,PSU-TT-TPG-650F,"Thermaltake Toughpower Grand 650w RGB Gold Power Supply ",265
273090,CABTT-AC035CN1,"Thermaltake TtMod Sleeve Cable - Blue/Black",266
273091,CABTT-AC034CN1,"Thermaltake TtMod Sleeve Cable - Green/Black",267
273092,CABTT-AC036CN1,"Thermaltake TtMod Sleeve Cable - Orange/Black",268
273093,CABTT-AC033CN1,"Thermaltake TtMod Sleeve Cable - Red/Black",269
273094,CABTT-AC046CN1,"Thermaltake TtMod Sleeve Cable (Cable Extension) - Pink/Black",270
273095,CABTT-AC049CNO,"Thermaltake TtMod Sleeve Cable (Cable Extension) - Rainbow",271
273096,CABTT-AC048CN1,"Thermaltake TtMod Sleeve Cable (Cable Extension) - White/Black",272
273097,CABTT-AC047CN1,"Thermaltake TtMod Sleeve Cable (Cable Extension) - Yellow/Black",273
273098,ACTT-AC023AN1,"Thermaltake Commander FP 10 Port PWM Fan Hub - Support up to 10 Independent Fans - Convenient SATA Power Input - High Quality Symmetrical Design - Neat Cable Management with included beaded cable ties and velcro - AC-023-AN1NAN-A1 - 12 Months Limited Warr",274
273099,ACTT-AC007AN1,"Thermaltake Commander FX 10 port fan hub",275
273141,LCD-AC-XB252Q,"Acer Predator XB2 XB252Q 24.5""(1920x1080)TN-LED G-SYNC NVIDIA 3D 16:9 Gaming Monitor-",276
273163,CL120TT-P20-BU,"Thermaltake CL-F016-PL20BU-A Pure 20 Blue LED 800RPM 200mm Case Fan",277
273166,CLCPUTT-EN27-1U,"Thermaltake CL-P032-CA06SL-A Engine 27 1U Low Profile CPU Cooler",278
273171,CAS-TTCA-1I4,"Thermaltake Core G21 Mid Tower Case (Black, Tempered Glass Sides)(CA-1I4-00M1WN-00)",279
273172,CAS-TTCA-1E7-03,"Thermaltake Core P5 Tempered Glass Edition Wall-Mount Mid Tower (Closed Glass Case, Black Base)(CA-1E7-00M1WN-03)",280
273174,CL360-TT-FRRGB,"Thermaltake CL-W158-PL12SW-A Floe Riing RGB 360 TT Premium Edition   ",281
273175,CL240-TT-FRRGB,"Thermaltake CL-W157-PL12SW-A Floe Riing RGB 240 TT Premium Edition    ",282
273191,GCGTX1050T-MSLP,"MSI GTX 1050 Ti 4GT LP GeForce GTX 1050 Ti 4GB GDDR5",283
273203,SSD250WDBLM2,"Western Digital Blue 3D 250GB M.2",284
273204,SSD250WD-BLUE,"Western Digital Blue 3D 250GB 2.5"" Serial ATA III",285
273209,SSD500WDBL3D,"Western Digital Blue 3D 500GB 2.5"" Serial ATA III",286
273210,SSD500WDBLM2,"Western Digital Blue 3D 500GB M.2",287
273217,LCD-SALS27H850,"Samsung LS27H850QFEX 27""(2560x1440) 16:9 PLS WQHD LCD LED Monitor-4(GTG)ms/60Hz DP/3yrs Wty ",288
273220,ACCO-KEYKITGREY,"Corsair Gaming FPS/MOBA Grey Textured Key Kit Covers (CH-9000232-NA)",289
273221,ACCO-KEYNITGREY,"Corsair Gaming FPS/MOBA White Textured Key Kit Covers (CH-9000233-NA)",290
273222,ACCO-ST100RGB,"Corsair ST100 RGB Premium Headset Stand with 7.1 Surround Sound (CA-9011167-AP)",291
273225,PST-HD2000STEA,"Seagate Expansion Portable 2TB 2000GB Black external hard drive",292
273227,RD43600COCMR16W,"Corsair CMR16GX4M2C3600C18W Vengeance RGB 16GB(2 x 288DIMM) DDR4 3600MHz Desktop Memory-White",293
273252,ACCMMPA-MP720,"Cooler Master RGB Hard Black",294
273254,NASSY-DS718+,"Synology DiskStation DS718+ 2-Bay 3.5"" Diskless 2xGbE NAS (Scalable) (SMB)",295
273255,NASSY-DS918+,"Synology DiskStation DS918+ 4-Bay 3.5"" Diskless 2xGbE NAS (SMB) ",296
273266,WLPNGA7000,"Netgear A7000 WLAN 1900Mbit/s networking card",297
273284,MBGA-Z370-D3H,"Gigabyte Z370M D3H Intel® Z370 LGA 1151 (Socket H4) Micro ATX",298
273291,MBMSZ370-PLUS,"MSI Z370 GAMING PLUS LGA 1151 (Socket H4) ATX",299
273294,MBMSZ370-PCPRO,"MSI Z370 PC PRO LGA 1151 (Socket H4) ATX",300
273300,PSU-CM-MW750W,"Cooler Master MasterWatt Semi-fanless Modular 80 PLUS 750W Bronze Certified Power Supply",301
273301,ACRZ02-00860300,"Razer Invicta Gunmetal Edition Mouse Mat ",302
273304,CPU-INT-I38100,"Intel Core ® ™ i3-8100 Processor (6M Cache, 3.60 GHz) 3.6GHz 6MB Smart Cache Box",303
273305,CPU-INT-I38350K,"Intel Core ® ™ i3-8350K Processor (8M Cache, 4.00 GHz) 4GHz 8MB Smart Cache Box",304
273306,CPU-INT-I58400,"Intel Core ® ™ i5-8400 Processor (9M Cache, up to 4.00 GHz) 2.8GHz 9MB Smart Cache Box",305
273308,CPU-INT-I78700,"Intel Core ® ™ i7-8700 Processor (12M Cache, up to 4.60 GHz) 3.2GHz 12MB Smart Cache Box",306
273320,SWNG-GS116E,"Netgear GS116E-200AUS ProSafe Plus 16-port Gigabit Switch",307
273321,SWNG-GS308,"Netgear GS308 SOHO 8-Port Gigabit Unmanaged Switch",308
273322,SWNG-GS308P,"Netgear GS308P SOHO 8-Port Gigabit Unmanaged Switch with 4-Port PoE",309
273323,SWNG-GS316,"Netgear GS316 SOHO 16-port Gigabit Unmanaged Switch",310
273324,SWNG-GS324,"Netgear GS324 SOHO 24-port Gigabit Unmanaged Switch ",311
273329,MSAS-STRIX-ENVO,"ASUS ROG Strix Evolve Aura Sync RGB Optical Gaming Mouse ",312
273331,MSAS-GUGIO-USB,"ASUS ROG Pugio 8-Button USB Optical Gaming Mouse",313
273377,MBASPRIMEA320ME,"Asus PRIME A320M-E AM4 Micro-ATX  Motherboard",314
273385,MBASMAXIMUSX,"ASUS ROG MAXIMUS X APEX  Z370 LGA 1151 eATX Motherboard",315
273396,MSLO910-005156,"Logitech MX Anywhere 2S RF Wireless+Bluetooth Laser 1000DPI Right-hand Graphite mice",316
273397,MSLO910-005142,"Logitech MX Master 2S RF Wireless+Bluetooth Laser 4000DPI Right-hand Graphite mice",317
273398,CAS-CO-250DMINI,"Corsair Obsidian Series 250D Mini ITX Case",318
273400,PST-HDLC2TBPDSR,"LaCie STFD2000402  2TB Porsche Design 9227 USB3.1 Type-C Silver Mobile Drive",319
273411,CL120CO-LLRGB,"Corsair  LL120 RGB 120mm Dual Light Loop RGB LED PWM Fan Single Pack ",320
273412,KBMSCMMS121RGB,"Cooler Master MasterSet MS121",321
273417,CL120CO-LLRGBTR,"Corsair LL120 RGB 120mm Dual Light Loop RGB LED PWM Fan 3 Fan Pack with Lighting Node PRO",322
273418,CL140CO-LLRGB,"Corsair  LL140 RGB 140mm Dual Light Loop RGB LED PWM Fan  Single Pack     ",323
273476,GCGTX1070TI-GA8,"Gigabyte GeForce® GTX 1070 Ti Gaming 8G",324
273480,NWPTL-HS110,"TP-Link HS110 Wi-Fi Smart Plug with Energy Monitoring,2.4GHz, 802.11b/g/n, works with TP-LINK's Home Automation app Kasa",325
273481,SWTL-SG2216,"TP-Link 16-Port Gigabit Ethernet Smart Switch",326
273492,CLCM-ML-120LRGB,"Cooler Master ML120L RGB Processor liquid cooling",327
273500,PST-WDMP1TBBL,"Western Digital My Passport 1000GB Blue external hard drive",328
273523,MBMSX399SLIPLUS,"MSI X399 SLI PLUS AMD X399 Socket TR4 ATX motherboard",329
273569,NBASK410UA-EB15,"ASUS K410UA-EB151R 1.60GHz i5-8250U 8th gen Intel® Core™ i5 14"" 1366 x 768pixels Gold Notebook",330
273571,NBASTP410UR-EC1,"Asus Vivobook-Flip TP410UR-EC135R 14"" FHD Notebook -   i5-8250U /14""/  8GB RAM/  1TB+256G  /  930MX  / Intel HD Graphics 620 / Win 10 Pro",331
273572,NBASUX430UN-060,"ASUS ZenBook UX430UN-GV060R 1.80GHz i7-8550U 8th gen Intel® Core™ i7 14"" 1920 x 1080pixels Grey Notebook",332
273576,AUDHS981-000705,"Logitech G233 Binaural Head-band Black, Blue headset",333
273577,CL200TT-M20-RGB,"Thermaltake Massive 20 RGB Notebook Cooler",334
273578,CMLO960-001105,"Logitech BRIO 4096 x 2160pixels USB 3.0 Black webcam",335
273579,MSLO910-005203,"Logitech M590 Silent Wireless Mouse ",336
273582,PSU-TT-TPG-1050,"Thermaltake Toughpower Grand RGB 1050W Platinum Power Supply",337
273583,PSU-TT-TPG-1200,"Thermaltake Toughpower Grand RGB 1200W Platinum Power Supply",338
273584,"NASSY- DS218J","Synology DS218j 2 BAY NAS-Marvell Armada  Dual Core 1.3GHz - 512MB DDR3 RAM - 2x 3.5¡± or 2.5¡± SATA HDD/SSD - 2x USB 3.0 Port, 1x RJ-45 1GbE LAN Port - Internal File System: ext4, External File System: ext4, ext3, FAT, NTFS, HFS+, exFAT2 - DS2",339
273586,NASSY-DS218PLAY,"Synology DS218PLAY 2-bay NAS",340
273595,RD42400TED16G,"Team Group 16GB DDR4-2400 16GB DDR4 2400MHz memory module",341
273596,RD42400TED4G,"Team Group 4GB DDR4 DIMM 4GB DDR4 2400MHz memory module",342
273597,RD42400TED8G,"Team Group 8GB DDR4 DIMM 8GB DDR4 2400MHz memory module",343
273601,RTUB-UAP-AC-PRO,"Ubiquiti UniFi AC Access Point - PRO (UAP-AC-PRO)  ",344
273618,LCD-ASVG245H,"ASUS VG245H 24"" Full HD LED Flat Black computer monitor",345
273624,RTTL-VR600V,"TP-Link Archer VR600v AC1600 Wireless Dual Band VoIP VDSL/ADSL Modem Router",346
273627,GCGT710GA-N710D,"Gigabyte GT710, 2 GB, 4096 x 2160, PCI-E 2.0 x 8, DVI-I x 1, HDMI x 1, Low Profile (Slim Heatsink)",347
273636,RD42600COCMK16B,"Corsair CMK16GX4M2A2666C16 16GB (2x8GB) DDR4 2666MHz Vengeance LPX Black Memory",348
273662,AUDSPEF-R1010BT,"Edifier R1010BT - 2.0 Bookshelf Speaker with Bluetooth - Black",349
273663,WLPBEF6D6050au,"Belkin Double N+ Dual Band USB Wireless Adapter (F6D6050au) - with stand",350
273674,ACTT-RGBPLP,"Thermaltake CL-O014-PL00SW-A Pacific Lumi Plus LED Strip 3Pack",351
273683,BUN-SS,"SteelSeries SENSEI Wireless Professional Laser Mouse + APEX M800 RGB Machanical Gaming Keyboard + Dex Gaming Mouse Pad",352
273684,BUN-AMD,"AMD Ryzen 7 1800X AM4 CPU - Up to 4.0Ghz , 8 Core / 16 Thread + MSI X370 Gaming Pro Carbon AM4 + Corsair CMK16GX4M2A2666C16R 16GB (2x8GB) DDR4 2666MHz + Thermaltake Water 3.0 Performer C 120mm AIO Liquid Cooling",353
273685,BUN-INT-I78700K,"Intel Core i7-8700K Coffee Lake Processor + ASUS PRIME Z370-A LGA1151-CL ATX Desktop Motherboard + Corsair Vengeance LPX 16GB (2x8GB) DDR4 3200MHz",354
273688,BUN-CO,"Corsair K95 RGB PLATINUM Mechanical Gaming Keyboard Cherry MX Speed + Scimitar PRO RGB Optical MOBA/MMO Gaming Mouse Yellow + VOID PRO RGB Wireless SE Premium Gaming Headset with Dolby Headphone 7.1 Yellow ",355
273692,CAS-TTCA-1J3-00,"TThermaltake View 22 ATX Mid Tower Case (Black, Tempered Glass Side, One Rear 120mm Fan)(CA-1J3-00M1WN-00)",356
273693,NASQNTS-231P2-1,"QNAP TS-231P2 NAS Tower Ethernet LAN White",357
273694,NASQNTS-231P2-4,"QNAP TS-231P2 NAS Tower Ethernet LAN White",358
273695,CLCM-MA610P,"Cooler Master MasterAir MA610P Processor Heatsink",359
273696,CAB-DIS-MI-HDMI,"Aten VC980-AT Mini DisplayPort(M) to HDMI(F) Adapter cable",360
273697,CAB-DIS-MI-VGA,"ATEN VC920-AT Mini DisplayPort(M) to VGA(F) Adapter cable",361
273698,CAB-HDMI-VGA-AD,"Aten VC810-AT HDMI(M) to VGA(F) Adapter. Non-powered",362
273712,CL120CM-MFL-BLU,"Cooler Master MasterFan Lite MF120L 120mm Blue LED Fan",363
273713,CL120CM-MFL-RED,"Cooler Master MasterFan Lite MF120L 120mm Red LED Fan",364
273718,ACCMRGBSTPU000R,"Cooler Master Universal LED Strip - RGB",365
273787,CL360CO-H150IPR,"Corsair H150i PRO RGB, 360mm Radiator, Triple 120mm ML Series PWM Fans, Advanced RGB Lighting and Fan Control. PR embargo 8-DEC",366
273792,RD42400CT8G,"Crucial CT8G4DFD824A 8GB (1x8GB) DDR4 2400MHz UDIMM CL17 Desktop Memory",367
273797,RS42400CR-4G,"Crucial CT4G4SFS824A 4GB (1x4GB) DDR4 2400MHz SODIMM CL17",368
273798,RS42400CR-8G,"Crucial CT8G4SFS824A 8GB (1x8GB) DDR4 2400MHz SODIMM CL17 Single Ranked",369
273823,NWTLCPE610,"TP-Link CPE610 5GHz 300Mbps 23dBi Outdoor CPE ",370
273827,RTTLM7200,"TP-Link M7200 N300 4GB LTE Mobile Wireless Modem Router",371
273834,RD44500COCMK16G,"Corsair Vengeance LPX 16GB (2 x 8GB) 288-Pin DDR4 SDRAM DDR4 4500 (PC4 36000) Desktop Memory Model CMK16GX4M2F4500C19",372
273841,MBASB250MINING,"ASUS B250 MINING EXPERT Intel® B250 LGA 1151 (Socket H4) ATX",373
273842,CAB-USB3-HDMI,"j5create USB 3.0 to Dual HDMI Multi-Monitor Adapter",374
273847,GCRX570PULSE4GB,"Sapphire AMD Radeon RX 570 PULSE 4GB Gaming Video Card - GDDR5 2xDP/2xHDMI/DVI AMD Eyefinity 1284MHz",375
273848,GCRX580NITROOC8,"Sapphire AMD Radeon RX 580 NITRO+ 8GB Extreme Gaming Video Card GDDR5",376
273862,ACDPD2001,"Sunix Display Port Video Splitter (DPD2001) - 1DP to 2DP LCD",377
273871,CAB-NFNASEC1BLK,"Noctua Black NA-SEC1 30cm 4Pin PWM Power Extension Cables (3 Pack)",378
273876,CL120NF-NHU12S,"Noctua NH-U12S TR4-SP3 CPU Cooler",379
273887,ACMSRZGOLIACON,"Razer Gaming Goliathus Control Fissure Cloth Mouse Mat (RZ02-01070800-R3M2) (Ex920x294x3mm)",380
273888,AUDHSRZTIAMAT2,"Razer Tiamat 2.2 V2 - Analog Gaming Headset",381
273889,WLPTLArcherT4UV,"TP-Link Dual Band High Gain USB Wireless Adapter (Archer T4UH V2) (AC1300, 867Mbps at 5GHz, 400Mpbs at 2.4Ghz) ",382
273890,SWTL-SL2210,"TP-Link TL-SL2210 8-Port 10/100Mbps + 2-Port Gigabit Smart Switch ",383
273892,LCD-AO-U2879VF,"AOC 28"" 1ms 4K 3840x2160 FreeSync 10bit Monitor - VGA/DVI/HDMI/DP,Tilt",384
273894,ACMSRZD.VAGOLIA,"Razer Gaming D.Va Goliathus Cloth Mouse Mat Medium,Speed (RZ02-01072200-R3M1) (355x254x4mm)",385
273895,ACMSRZGLTSSKTT1,"Razer Gaming Goliathus SKT T1 Cloth Mouse Mat (RZ02-01072300-R3M1) (355x254x4mm)",386
273896,ACMSRZGOLIATHUS,"Razer Gaming Goliathus Mobile Stealth Cloth Mouse Mat (RZ02-01820500-R3M1) (270x215x3mm)",387
273897,ACMSRZINVICAMER,"Razer Gaming Invicta Dual-Sided Mercury White Mouse Pad (RZ02-00860200-R3M1) (355x255x4.5mm)",388
273898,ACMSRZNVICTAQTZ,"Razer Gaming Invicta Dual-Sided Quartz Pink Mouse Pad (RZ02-00860400-R3M1) (355x255x4.5mm)",389
273899,ACMSRZSPHEXV2,"Razer Gaming Sphex V2 Cloth Mouse Mat (RZ02-01940100-R3M1) (355x254x0.5mm)",390
273901,ACMSRZVESPULAV2,"Razer Gaming Vespula V2 Dual Cloth and Hard Mouse Mat (RZ02-02180100-R3M1) (320x228x3mm)",391
273907,AUDHSRZTIAMAT7,"Razer Tiamat 7.1 V2 - Analog / Digital Gaming Headset",392
273910,KBRZBLACKWIDOWT,"Razer BlackWidow Tournament Edition Chroma V2 Quartz Edition ¨C Mechanical Gaming Keyboard ¨C US Layout",393
273911,KBRZBLACKWIDOWU,"Razer BlackWidow Ultimate Mechanical Gaming Keyboard -IP54 Water and Dust-Resistance (Green Switch)",394
273912,KBRZCYNOSACHROM,"Razer Cynosa Chroma ¨C Multi-color Membrane Gaming Keyboard ¨C US Layout",395
273914,MSRZ01-02130300,"Razer Lancehead Tournament Edition Gunmetal Edition - Ambidextrous Gaming Mouse ",396
273915,MSRZ01-02130400,"Razer Lancehead Tournament Edition Quartz Edition - Ambidextrous Gaming Mouse ",397
273917,MSRZ01-02170100,"Razer Atheris-Moble Mouse- Dual 2.4Ghz and BT,7200DPI,AFT,5 programmable buttons,Gaming mouse",398
273918,MSRZ01-02330100,"Razer Basilisk - Multi-color FPS Gaming Mouse",399
273920,NBRZB6NT,"Razer Blade (B6NT,14"" FHD IPS,i7-7700HQ,NV1060-6G,16GB (8G*2),512GB M.2 SSD, WIN10) ",400
273921,NBRZF2.5NT,"Razer Blade Pro (F2.5NT,17.3"" FHD IPS 120HZ, i7-7700HQ,NV1060-6GB,16GB (8G*2),256GB M.2 SSD+2TB HDD,WIN10)",401
273926,RT-UB-AFI-P-HD,"Ubiquiti Amplifi HD Mesh Point - Wi-Fi Extender (AFI-P-HD)",402
273927,RTUB-AFI-R-AU,"Ubiquiti AMPLIFI High Density HD Home Cube Wi-Fi Router (AFI-R-AU)",403
273928,RTUB-UAP-AC-LR,"Ubiquiti UniFi AC Access Point-Long Range (UAP-AC-LR)",404
273929,RTUB-USG,"Ubiquiti UniFi Enterprise Gateway Router (USG)",405
273930,RTUB-ERLITE-3,"Ubiquiti EdgeRouter 3 Port Switch Lite (ERLITE-3) ",406
273933,RTUB-UAP-AC-LIT,"Ubiquiti UniFi AC Access Point-Lite (UAP-AC-LITE)",407
273934,NASSY-DS218,"Synology DiskStation DS218 2-bay NAS",408
273935,PSU-CO-VS450+,"Corsair CP-9020170-AU VS450 450W Power Supply",409
273938,ACNBBSVO15-BX,"Tucano Svolta Notebook Bag 15.6in & MB PRO 15' Retina Bordeaux",410
273940,MBGA-X399-AORUS,"Gigabyte GA-X399-AORUS-GAMING-7 X399 TR4 ATX Motherboard",411
273941,PP-USBDUB-12P,"ORICO 12 x Port - 2.4A Per Port - Desktop Charger - Black",412
273946,CAS-CMN300-420W,"Cooler Master NSE300KKR420 Cooler Master N300 Black Mid Tower w/420W PSU",413
273953,SSD1TBSA860-PRO,"Samsung 860 PRO 1000GB 2.5"" Serial ATA III",414
273954,SSD512SA860-PRO,"Samsung 860 PRO 512GB 2.5"" SATA III SSD (MZ-76P512)",415
273955,SSD256SA860-PRO,"Samsung 860 PRO 256GB 2.5"" SATA III (MZ-76P256)",416
273959,MBASCROSSVI,"ASUS X370 ROG Crosshair VI Hero AM4 ATX Motherboard",417
273960,MBASPRIMEB250MD,"Asus PRIME-B250M-D LGA1151 Micro-ATX Motherboard",418
273961,MBASX370-F,"Asus ROG-STRIX-X370-F AM4 ATX Motherboard",419
273968,SSD2TBSA860-EVO,"Samsung 860 EVO 2TB 2.5"" SATA III SSD (MZ-76E2T0)",420
273974,KBCOK95RGBPLABK,"Corsair K95 RGB Platinum Mechanical Gaming Keyboard Black- Cherry MX Speed Rapidfire",421
273980,PST-ORC-2139U3,"Orico ORC-2139U3 Transparent 2139U3 2.5"" USB3 External Hard Drive Enclosure",422
273981,ACMSRZ020107040,"RAZER RZ02-01070400 GOLIATHUS 2013 SOFT GAMING MOUSE MAT - EXTENDED  (SPEED) (920MM X 294MM)",423
273984,AUDHSCOHS60CARB,"Cosair HS60 Stereo Gaming Headset with 7.1 Surround Sound, Carbon",424
273986,MBMS-Z370-APRO,"MSI Z370-A PRO LGA 1151 (Socket H4) ATX",425
273988,ACCASE-MINING,"Mining PC Case with 4 x 120MM fans and 1 x on/off button starting cable",426
273989,CAB-MIN-D24-DPS,"Power Supply Splitter",427
273993,GCRX580NITRO8GO,"Sapphire AMD NITRO+ RX 580 8GB Super OC Extreme Gaming Video Card Special Edition",428
273994,LCD-AO-M2870VQ,"AOC 28"" M2870VQ/75 LED Monitor with Speaker-  VA/1920x1080/4ms",429
273995,MBGAH110D3A,"Gigabyte H110-D3A H110 Express LGA 1151 (Socket H4) ATX",430
274001,SWTNGGS908,"Netgear GS908 8-port Gigabit Ethernet Unmanaged Switch",431
274002,SWTNGGS908E,"Netgear 8-port Gigabit Smart Managed Plus Switch with Cable Management",432
274014,ACUSBM-USBAF,"AKY USB Type-C Male to USB-A 3.0 Female convertor",433
274015,ACHDMIV90F-M,"AKY Vertical Flat right 90 degree HDMI Female to Male convertor",434
274016,ACHDMI270M-F,"AKY 270 degree HDMI Male to Female convertor",435
274017,CPU-AM4-R52400,"AMD Ryzen 5 2400G (+Wraith Stealth Cooler) CPU (YD2400C5FBBOX)",436
274019,RD42600HX426C15,"HyperX FURY Black 8GB DDR4 2666MHz Kit 8GB DDR4 2666MHz memory module",437
274020,RD42600HXC15K28,"Kingston 8GB Kit DDR4 2600Mhz HyperX C15 Dual Channel Kit (2x4GB) -",438
274021,CPU-AM4-R32200,"AMD Ryzen 3 2200G (+Wraith Stealth Cooler) CPU (YD2200C5FBBOX)",439
274024,CAB-AUDM-M1M,"AKY Audio Cable 3.5mm Male to 3.5mm Male 1m",440
274025,CAB-DP-HDMI2M4K,"AKY Display Port to HDMI Cable 2m 4K",441
274026,CAB-HDMISW2M,"AKY HDMI Cable with Swivelling Type head 2m",442
274031,RD42400KVR24N17,"Kingston ValueRAM 4GB (1x4GB), 2400MHz DDR4",443
274034,NWUB-UC-CK,"Ubiquiti UniFi Controller Cloud Key (UC-CK)",444
274035,RTUB-UAP-AC-IW,"Ubiquiti UniFi In-Wall Access Point with Ethernet port (UAP-AC-IW)",445
274036,RTUB-UAP-AC-M,"Ubiquiti UniFi AC Indoor/Outdoor Access Point with Mesh (UAP-AC-M)",446
274046,PST-CASOR-7688U,"ORICO 3.5 inch USB3.0 External Hard Drive Enclosure",447
274055,CLAMDWRAITH,"AMD Wraith Max RGB CPU Cooling Solution",448
274056,H3S4TWD4005FZBX,"Western Digital Black HDD 4000GB Serial ATA III internal hard drive",449
274059,CLCO-H115IPRO,"Corsair Hydro Series, H115i PRO RGB, 280mm Radiator, Dual 140mm ML Series PWM Fans, RGB Lighting and Fan Control with Software",450
274070,ACTABTTH6,"Thermaltake Accessory LH0009 LUXA2 H6 Portable and Functional iPad Holder - for iPad and iPad 2",451
274089,GCRX560-ASOC4G,"ASUS ROG-STRIX-RX560-O4G-EVO-GAMING Radeon RX 560 4GB GDDR5",452
274102,RD42400CT4G,"Crucial 4GB (1x4GB) DDR4 2400MHz UDIMM CL17",453
274103,SSD120TGL5,"Team Group L5 LITE 3D 120GB 2.5"" Serial ATA III",454
274114,SSD250CR-MX500,"Crucial MX500 250GB 2.5"" SATA 3 SSD (CT250MX500SSD1)",455
274115,SSD500CR-MX500,"Crucial MX500 500GB SATA 2.5"" 7mm SSD",456
274116,SSD1000CR-MX500,"Crucial MX500 1TB SATA 2.5"" SSD (CT1000MX500SSD1)",457
274121,RTTL-ARCHERVR30,"TP-Link Archer VR300 AC1200 Wireless VDSL/ADSL Modem Router",458
274162,CAB-MSWDAV2,"Microsoft Wireless Display Adapter V2",459
274163,SWTUBUS16150W,"Ubiquiti Networks UniFi US-16-150W PoE Switch 16-port 150W ",460
274170,CAS-CO-500D,"Corsair Obsidian Series 500D Premium Mid-Tower ATX Case",461
274173,CAB-HDMIMM1.5,hdmi,462
274179,CPU-AMD-R72700X,"AMD Ryzen 7 2700X (+Wraith Prism RGB Cooler) CPU (YD270XBGAFBOX",463
274180,AUDHSJB-6599-82,"Jabra Evolve 65 MS StereoHD Audio Microsoft certified - 6599-823-309",464
274182,CPU-AMD-R52600,"AMD Ryzen 5 2600 (+Wraith Stealth cooler) CPU (YD2600BBAFBOX)",465
274183,COBRTN2350,"Brother TN-2350 MONO LASER TONER - HIGH YIELD CARTRIDGE TO SUIT HL-L2300D/L2340DW/L2365DW/2380DW/MFC-L2700DW/2703DW/2720DW/2740DW UP TO 2,600 PAGES",466
274184,H3S3000ST3000,"Seagate Barracuda ST3000DM007 HDD 3000GB Serial ATA III internal hard drive",467
274185,"COFXCT201303 ","Fuji-Xerox BlackToner Cartridge For DocuPrint C2120",468
274187,ACCHCO-T2RW-BBL,"CORSAIR T2 ROAD WARRIOR, High Back Desk and Office Chair, Black/Blue, 2 Year Warranty",469
274189,ACCHCO-T2RW-BY,"CORSAIR T2 ROAD WARRIOR, High Back Desk and Office Chair, Black/Yellow, 2 Year Warranty",470
274190,CO-FX-EL300774,"Fuji EL300774 Xerox Fuser kit ( 220 V ) 1 50000 pages",471
274191,ACGMLOG29G920,"Logitech 941-000132 PC,PlayStation 4,Xbox One Black,Grey gaming controller",472
274192,ACGMLOG920,"Logitech G920 Driving Force Racing Wheel for PC and Xbox One",473
274194,RS42400KVR24S17,"Kingston 4GB 2400MHz DDR4 Non-ECC CL17 SODIMM 1Rx16",474
274214,NWUBPOE-24-12W,"Ubiquiti POE-24-12W-G POE Injector, 24VDC, 12W, Gigabit Gigabit , ESD protection & LED",475
274215,NWUBPOE-48-24W,"Ubiquiti POE-48-24W-G POE Injector, 48VDC 24W Gigabit Lan",476
274234,CL080DPSF-XFAN,"Deepcool 80mm Hydro Bearing Case Fan with 4-pin Molex Connector",477
274267,CPU-INT-I58500,"Intel Core i5-8500 CPU (3.00-4.10GHz) (BX80684I58500)",478
274270,CAS-CO-SPEC05,"Corsair Carbide Series SPEC-05 Mid-Tower Gaming Case, Black",479
274271,MBAS-RSH370F,"ASUS ROG STRIX H370-F GAMING Intel H370 LGA 1151 (Socket H4) ATX",480
274272,MBAS-TUFH370PWF,"ASUS TUF H370-PRO GAMING (WI-FI) Intel® H370 ATX motherboard",481
274276,MBAS-PRH370MP,"ASUS Prime H370M-PLUS/CSM Intel H370 LGA 1151 (Socket H4) Micro ATX",482
274300,CAS-AN-P110-S,"Antec P110 SILENT Mid Tower Case; ATX; mATX; Mini- ITX; 2x USB 3.0 Front Ports; VR Ready; Sound Dampening Panel; VGA Card Holder",483
274304,CAS-AN-VSK4500,"Antec VSK 4500 Mid Tower Case with True 500W APFC PSU; Support Standard ATX; microATX; Mini-ITX; with 2 x USB 3.0 Front Ports",484
274312,CAS-COSPECOMBR,"Corsair Carbide Spec OMEGA Black/Red Mid Tower Case w/Tempered Glass Side Panel",485
274316,MSCODARKCORERGB,"Corsair Gaming Dark Core RGB Wireless Optical Gaming Mouse",486
274319,CMUB-UVC-G3-AF,"Ubiquiti UniFi Video Camera G3-AF (UVC-G3-AF)",487
274321,ACCHAE-TX3-BLUE,"Aerocool ThunderX3 TGC12 Series Gaming / Office Chair - Black/Blue",488
274323,ACCHAE-TX3-RED,"Aerocool ThunderX3 TGC12 Series Gaming / Office Chair - Black/Red",489
274326,AUDHSLO-981-000,"Logitech G433 7.1 Surround Sound Wired Gaming Headset",490
274332,RTTL-TD-W9960,"TP-Link TD-W9960 300Mbps Wireless N VDSL/ADSL Modem Router",491
274337,CAS-COSPECOMRGB,"CORSAIR CC-9011141-WW Carbide Series SPEC-OMEGA RGB Mid-Tower Tempered Glass Gaming Case, White and Black",492
274339,MBMS-X470CARBON,"MSI X470 Gaming Pro Carbon AMD X470 Socket AM4 ATX",493
274340,MBMS-X470M7AC,"MSI X470 GAMING M7 AC AM4 ATX Motherboard",494
274341,MBMS-X470PLUS,"MSI X470 GAMING PLUS AMD X470 Socket AM4 ATX",495
274343,NBASFX504GE-E40,"Asus TUF Gaming FX504GE-E4012T Gaming Notebook, i7-8750H, 16GB (1x16GB) RAM, 256GB M.2 SATA SSD + 1TB SSHD (8GB SSD Cache), 15.6inch FHD IPS, GeForce GTX 1050 Ti-4GB, WiFi, BT, Webcam, 4 Cell Battery, 2.20kg, Win10 Home",496
274349,NBMSGE73-8RE-08,"MSI Gaming GE73 8RE-086AU Raider RGB 2.20GHz i7-8750H 8th gen Intel® Core™ i7 17.3"" 1920 x 1080pixels Black Notebook",497
274363,SSD1TBSA970-PRO,"Samsung MZ-V7P1T0 1000GB M.2",498
274369,DTHP600-G3,"HP 600 PRODESK G3 SFF, I5-7500, 8GB, 256GB SSD, DVDRW, W10P64, 3-3-3",499
274389,MBGA-H310M-H,"Gigabyte GA-H310M-H LGA1151 Micro-ATX Motherboard",500
274398,CPU-INT-I58600,"Intel Core ® ™ i5-8600 Processor (9M Cache, up to 4.30 GHz) 3.1GHz 9MB Smart Cache Box",501
274401,NBASA507UA-BR31,"ASUS Vivobook A507UA-BR318R Notebook, i7-7500U, 8GB RAM, 256GB M.2 SATA SSD, 15.6inch HD, Intel HD Graphics 620, WiFi, Webcam, Win10 Pro",502
274403,PSU-CM-RSA00,"Cooler Master RSA00-AFBAG1 Vanguard 1000W 80+ Gold Modular Power Supply",503
274407,ACROG90MP00V0-M,"ASUS ROG Addressable LED Strip",504
274408,CLCO-H60V2,"Corsair CW-9060036-WW H60 v2 120mm Liquid CPU Cooler. LED Illuminated Pump Head, Efficient cool plate and pump. 1x12CM PWM Fan",505
274410,GCGTX1060-MSOC2,"MSI GTX 1060 6GT OCV2 GeForce GTX 1060 6GB GDDR5 graphics card",506
274415,SWTNGGS108E-300,"NETGEAR GS108E-300AUS ProSafe Plus 8-port Gigabit Switch",507
274424,MBMS-H310MPROVD,"MSI H310M PRO-VD Intel® H310 LGA 1151 (Socket H4) Micro ATX motherboard",508
274432,CAS-CO-CC280XRB,"CORSAIR CC-9011135-WW Crystal Series 280X RGB Micro-ATX Case, Black",509
274467,ACMSCOMM400MNL,"Corsair CH-9000103-WW Gaming MM400 High Speed Gaming Mouse Pad - 352mm x 272mm",510
274468,ACMSCOMM100,"Corsair CH-9100020-WW Gaming MM100 Cloth Gaming Mouse Pad - 320mm x 270mm",511
274469,ACMSCOMM300S,"Corsair CH-9000105-WW Gaming MM300 Small - Cloth Gaming Mouse Mat - 256mm x 210mm",512
274470,ACMSCOMM600MNL,"Corsair CH-9000104-WW Gaming MM600 Dual Sided Aluminum Gaming Mouse Pad - 352mm x 272mm",513
274472,IO-HUBTPUC430,"TP-Link UC430 SuperSpeed & Ultra Compact 3.0 USB-C 4-Port Portable Hub",514
274474,NBASS406-BM013R,"ASUS VivoBook S14 S406UA-BM013R 1.60GHz i5-8250U 8th gen Intel® Core™ i5 14"" 1920 x 1080pixels Grey Notebook",515
274480,H3S6TWD6003FZBX,"Western Digital Black HDD 6000GB Serial ATA III internal hard drive",516
274485,RTUB-UAPNANOHD,"Ubiquiti Wave 2 Compact Enterprise Access Point (UAP-nanoHD)",517
274491,SSD1TCT1000MX50,"Crucial MX500 1TB M.2 (2280) SSD (CT1000MX500SSD4)",518
274495,IO-CARD-CRS21,"Orico Black CRS21 USB3 TF & SD Card Reader",519
274496,MBGA-X299-G3PRO,"Gigabyte AORUS X299,  Gaming 3 Pro  Motherboard",520
274514,KBCOK70MK2BL,"Corsair K70 MK.2 RGB Gaming™ Cherry MX Blue, Backlit RGB LED, Mechanical Keyboard",521
274515,KBCOK70MK2SP,"Corsair K70 MK.2 MX Speed RGB Backlit RGB LED, Mechanical Keyboard",522
274520,NBASGL504GS-ES0,"ASUS ROG Strix GL504GS-ES056T 2.2GHz i7-8750H 8th gen Intel® Core™ i7 15.6"" 1920 x 1080pixels Black Notebook",523
274522,H3S100WD10EADS,"Western Digital Caviar 1TB 3.5"" Hard Drive (WD10EADS)",524
274526,NBASGL504GM-ES1,"ASUS ROG Strix GL504GM-ES155T 2.2GHz i7-8750H 8th gen Intel® Core™ i7 15.6"" 1920 x 1080pixels Black Notebook",525
274527,CAB-HDMIMM02,"High Speed HDMI Male to Male Cable 2m",526
274528,LCD-AO-E2470SWH,"AOC E2470SWH/75 23.6"" 1ms Full HD Monitor - HDMI/DVI/VGA, Tilt, VESA100mm, Speaker",527
274529,ACCHAE-TX3-GR12,"Aerocool ThunderX3 TGC12 Series Gaming / Office Chair - Black/Green (TX3-TGC12-BG)",528
274534,RD42400AD4G,"ADATA AD4U2400J4G17-R Premier Series 4GB DDR4 2400 288-Pin Unbuffered-DIMM Memory",529
274537,CL120TT-PP12RGB,"Thermaltake CL-F063-PL12SW-A Pure Plus 12 LED RGB Radiator Fan TT Premium Edition (3-Fan Pack)",530
274540,NBASX540UA-GQ10,"ASUS VivoBook X540UA-GQ010T 2.00GHz i3-6006U 6th gen Intel® Core™ i3 15.6"" 1366 x 768pixels Black, Chocolate Notebook",531
274543,ACTPK-SD9314,"Pro'sKit 17 in 1 Tool Kit for Apple Products",532
274544,CAB-DIS-HD-2AT,"Astrotek DisplayPort DP to HDMI Adapter Converter Cable 2m - Male to Male 1080P Gold-Plated for PC/Laptop to HDTVs Projectors Displays ~CB8W-RC-DPHDMI",533
274548,IO-HUBAT-USB3-H,"Astrotek 5 Port USB3.0 HUB With 5V 2.5A Power Adaptor",534
274551,PPUS-DSV2000,"Upsonic Domestic Series 2000VA UPS",535
274554,CLDC-CASTLE240,"Deepcool Gamer Storm Castle 240 RGB AIO CPU Liquid Cooler",536
274599,DTGA-BRI5H-8250,"GIGABYTE BRIX MINI PC KIT, i5-8250U, DDR4(0/2), 1xSATA-2.5"", 1xM.2, WL-AC, USB3.1, 3YR",537
274600,DTGA-BRI7H-8550,"GIGABYTE BRIX MINI PC KIT, i7-8550U, DDR4(0/2), 1xSATA-2.5"", 1xM.2, WL-AC, USB3.1, 3YR",538
274613,CAS-CO-100R450,"Corsair CC-9011149-AU CAC100R Non-Window ATX Case with embedded VS450 450w PSU. 2 Years Warranty",539
274616,NBMSPS428RB-012,"MSI Prestige PS42 8RB-012AU 1.6GHz i5-8250U 8th gen Intel® Core™ i5 14"" 1920 x 1080pixels Silver Notebook",540
274625,ACHDUSB3SATAIDE,"StarTech.com USB 3.0 to SATA or IDE Hard Drive Adapter / Converter",541
274636,CL120CM-MFPRGB3,"Cooler Master MasterFan MF120R ARGB 3IN1 120mm Addressable RGB Fan + 1x mini RGB Controller(no software support)",542
274638,CL120TT-RIINGT3,"Thermaltake Riing Trio 12 LED RGB Radiator Fan TT Premium Edition (3-Fan Pack)",543
274642,MSRZMAMBAEILTE,"Razer Mamba Elite - Right-Handed Gaming Mouse - FRML Packaging",544
274645,PSU-TT-GX1-0500,"Thermaltake Toughpower GX1 500W Power Supply. ",545
274646,PSU-TT-GX1-0600,"Thermaltake Toughpower GX1 600W Power Supply. ",546
274653,SWES-ISOEM3D1Y,"ESET Internet Security OEM 3 Device / 1 Year Licenses Only",547
274658,IO-PCIE-OR-PA3P,"ORICO 2 Port USB3.1 PCI-E Adapter",548
274665,SSD250WD-BKNVME,"Western Digital WDS250G2X0C 250GB M.2 PCI Express 3.0 internal solid state drive",549
274668,NBASFX504GM-EN2,"ASUS TUF Gaming FX504GM-EN269T 2.20GHz i7-8750H 8th gen Intel® Core™ i7 15.6"" 1920 x 1080pixels Black Notebook",550
274669,SSD500WD-BKNVME,"WD Black 500GB M.2 NVME SSD (WDS500G2X0C)",551
274671,CAB-HDMIDVI2MAS,"Astrotek HDMI to DVI-D Adapter Converter Cable 2m - Male to Male 30AWG OD6.0mm Gold Plated RoHS Black PVC Jacket",552
274672,ACMOVM-DS112D,"VisionMounts VM-DS112D - Desk Clamp Aluminium Single LCD Monitor Arm support up to 27''; Tilt; Swivel; Rotate; VESA 75/100 ",553
274673,ACMOVM-GM112D,"VisionMounts VM-GM112D - GasSpring DeskClamp Aluminium Single LCD Monitor Arm with support upto 27'';Tilt ;Swivel ;VESA 75/100",554
274674,ACMOVM-GM124D,"VisionMounts VM-GM124D - GasSpring DeskClamp Aluminium Dual LCD Monitor Arm Support up to 27'';Tilt;Swivel180°;VESA 75/100",555
274675,ACMOVM-GM124D15,"VisionMounts VM-GM124D-D15 - GasSpring DeskClamp Aluminium Single Monitor&NoteBook Holder; up to 27';Tilt;Swivel;VESA75/100",556
274676,ACMOVM-MP320C,"Vision Mounts VM-MP320C - DeskClamp Dual LCD Monitor Support up to 27''; Tilt -15/+15°; Rotate 360°; VESA 75/100",557
274678,ACMOVM-MP330C,"Vision Mounts VM-MP330C - DeskClamp Three LCD Monitor Support up to 27''; Tilt -15/+15°; Rotate 360°; VESA 75/100",558
274686,ACMSRZ020250010,"Razer RZ02-02500100 Goliathus Chroma Mouse Mat - FRML Packaging",559
274687,ACMSRZ020250030,"Razer Goliathus Chroma Mouse Mat Extended",560
274691,AUDHSRZK7.1V2ME,"RAZER KRAKEN 7.1 V2 MERCURY EDITION - DIGITAL GAMING HEADSET - OVAL EAR CUSHIONS - FRML PACKAGING",561
274694,KBRZ03-02520100,"Razer Huntsman - Opto-Mechanical Gaming Keyboard - US Layout - FRML Packaging",562
274696,MSRZ01-02010200,"Razer Destiny 2 DeathAdder Elite - Multi-color Ergonomic Gaming Mouse - FRML Packaging",563
274698,MSRZ83-02480100,"Razer Mamba HyperFlux Wireless Mouse + Firefly HyperFlux Mouse Mat - FRML Packaging",564
274703,CAS-TT-L20GTRGB,"Thermaltake Level 20 GT RGB Plus edition Full Tower Gaming Case.",565
274709,RTTL-DECOM5-2,"TP-Link Deco M5 Whole-Home Mesh Wi-Fi ( 2 x single unit retail pack)",566
274710,RTTL-DECOM5-3,"TP-Link Deco M5 Whole-Home Mesh Wi-Fi ( 3 x single unit retail pack)",567
274715,SWTLSG116,"TP-Link TL-SG116 16-Port Gigabit Desktop Switch",568
274718,AUDHSASSTRIXF30,"ASUS ROG-STRIX-F300 gaming headset virtual 7.1-channel",569
274719,AUDHSASSTRIXF50,"ASUS ROG-STRIX-F500 gaming headset virtual 7.1-channel",570
274724,RD43000AD08RGBT,"ADATA XPG Spectrix D41 8GB (1x 8GB) DDR4 3000MHz RGB Memory - TUF Gaming Edition ",571
274725,RD43200AD16RGBT,"ADATA XPG Spectrix D41 16GB (2x 8GB) DDR4 3200MHz RGB Memory- TUF Gaming Edition",572
274727,KBAS-STRIXFLR,"ASUS ROG Strix Flare RGB RED Switch mechanical gaming keyboard with Cherry MX switches, customizable illuminated badge and dedicated media keys",573
274766,CPU-AMD-RT2950X,"AMD Ryzen Threadripper 2950X Processor",574
274767,Test,Test,575
274768,ACDISMJ5JDA146,"J5create Mini Display Port (M) to 2 x Display Port (F) Adapter (JDA146)",576
274769,ACDISMJ5JDC159,"J5create Mini Display Port (M) to 4K HDMI (M) Cable 1.8M (JDC159)",577
274770,ACDOSJ5JDC158,"J5create Display Port (M) to 4K HDMI (M) Cable 1.8M (JDC158)",578
274771,ACUSBCJ5JCC153,"J5create USB Type-C (M) to 4K 60Hz HDMI Cable (M) (JCC1513)",579
274772,ACUSBJ5JUA354,"J5create USB 3.0 (M) to 4K HDMI (F) Display Adapter (JUA354)",580
274774,AUDHSCOHS60WHT,"Cosair HS60 Stereo Gaming Headset with 7.1 Surround Sound, White",581
274775,AUDHSPT-2719001,"Plantronics Polaris Cable U10P",582
274776,AUDHSRZHAMV2,"Razer Hammerhead V2 Gaming & Music In-Ear Earphone (RZ12-01730100-R3A1)",583
274777,"CAB-APPLE-3IN1 ","Usb to  Metal Magnetic IOS&Android 3 IN 1Data Cable",584
274778,CAB-DISJ5JDC42,"J5create Display Port (M)  to Display Port (M) Cable (JDC42) - 1.8m, 4K",585
274779,CAB-MICROUSB,"AKY Micro USB data PRIME Cable 1.5M ",586
274780,CAB-USB-DB9SUN,"Sunix USB to DB9 / RS232 Serial Port Converter (FTDI Chipset)",587
274782,CAS-CM-MBP5RGB,"Cooler Master MasterBox Pro 5 RGB Midi-Tower Black computer case",588
274783,CAS-FD-MCM,"Fractal Design MESHIFY C Mini - Dark Tempered Glass; mATX;ITX; No 5.25'' (FD-CA-MESH-C-MINI-BKO-TGD)",589
274785,CAS-HR24RU1,"Hypertec R19 Server Rack HR24RU1, 600W 1000D 1278H",590
274787,CASTGC-39650G,"TGC 39650G Rack Mountable Server Chassis Case 3U 650mm Depth with 14x3.5' HDD cages and ATX PSU",591
274788,CLTTCLN0031,"Thermaltake CLN0031 Massive 8X Notebook Cooler",592
274790,GCRX580-GBGAMI,"Gigabyte Radeon RX 580 Gaming 8G MI. 3 Years Manufacture Warranty",593
274791,H2S500TOHYBRID,"TOSHIBA 2.5"" Solid State Hybrid HDD (Gen 2.0) 500GB (8GB Flash) 7mm ",594
274793,IO-HUB8WD-3UMS,"8Ware USB Type-C to 3-port USB 3.0 Type-A + Micro SD + SD/MMC Adapter",595
274794,IO-HUB-JUH340,"J5create JUH340 USB 3.0 4-Port Mini Hub (JUH340)",596
274795,IO-HUB-WLUH3075,"Wavlink USB 3.0 7-Port Aluminium Hub (with power adapter) – Titanium Black",597
274796,KBLO920-008402,"Logitech G613 Wireless Gaming Keyboard",598
274798,LCD-AO-C27G1,"AOC C27G1 27"" 1ms 144Hz Full HD FreeSync Ultra Narrow Border Curved Gaming Monitor - DP/HDMI/VGA Tilt VESA100mm Low Blue Mode Flicker Free",599
274799,LCD-AO-I2490VXQ,"AOC 23.8"" IPS 5ms Full HD Frameless Monitor - VGA/HDMI/DP Speaker VESA100mm",600
274800,LCD-AO-I2790VQ,"AOC 27"" IPS 5ms Full HD Frameless Monitor - VGA/HDMI/DP Speaker VESA100mm",601
274801,MBASZ370-STRIGW,"Asus ROG STRIX Z370-G GAMING (WI-FI AC) S1151 mATX Motherboard. 4xDDR4 4xPCIe 1xM.2, 6xSATA, RAID, 5XUSB3.1, 1xUSB Type-C, 1xHDMI, 1xDP",602
274802,MSRPN1162BK,"RAPOO N1162 Wired Optical Mouse Black - 1000dpi USB",603
274803,NBASK510UF-298R,"ASUS K510UF-BQ298R 1.60GHz i5-8250U 8th gen Intel® Core™ i5 15.6"" 1920 x 1080pixels Gold Notebook",604
274804,NBASK510UF-502R,"ASUS K510UF I7-8550U, 15.6"" FHD, 512GB SSD, 16GB RAM, MX130-2GB, FPR, W10P64, 1YR",605
274805,NBLE-V130001PAU,"Lenovo IDEAPAD V130 15.6IN HD CELERON N4000 4G RAM 500GB HDD DVDRW WIN10 HOME 1YRDP",606
274806,NBLE-V130I500GQ,"ThinkPad V130 15.6"" HD i5-7200U, 8GB DDR4, 500GB HDD, Win10 Home, 1Yr RTB",607
274807,NBLE-V33000HFAU,"Lenovo IDEAPAD V330 15.6IN HD I5-8250U 8GB RAM(4+4GB) 256GB SSD DVDRW W10PRO 64 1YRDP",608
274808,PST-CASAKY-HD07,"AKY HD07U2/U3 2-Bay USB 3.0 SATA HDD Docking  Support 2.5""/3.5""",609
274809,PST-CASAKYMR35T,"AKY MR-35T3.5""HDD EXTERNAL ENCLOSURE",610
274810,PST-CASAKYU23SC,"AKY U23SC 2.5in Type-C  hard disk aluminum enclosure",611
274811,PST-MCSD64SEP,"Samsung EVO Plus MicroSD Card 64GB /w Adapter ",612
274816,PST-MSATA,"ZOMY MSATA SSD to 2.5in SATA Adapter Converter",613
274817,PST-USB128DT100,"Kingston 128GB USB 3.0 DATATRAVELER 100 G3 100MB/s read , 10MB/s write",614
274819,PSU-CO-RM550XV2,"Corsair 550W V2 RMX 80+ Gold Fully Modular 135mm FAN ATX PSU 10 Years Warranty",615
274820,PSU-CO-RM650XV2,"Corsair 650W V2 RMX 80+ Gold Fully Modular 135mm FAN ATX PSU 10 Years Warranty",616
274821,PSU-CO-RM850XV2,"Corsair 850W RMX 80+ Gold Fully Modular 135mm FAN ATX PSU 10 Years Warranty",617
274823,SSD120CT120BX50,"Crucial BX500 120GB 2.5"" SATA SSD (CT120BX500SSD1)",618
274826,SSD240CT240BX50,"Crucial BX500 240GB 2.5"" SATA SSD (CT240BX500SSD1)",619
274827,SSD480CT480BX50,"Crucial BX500 480GB 2.5"" SATA SSD (CT480BX500SSD1)",620
274828,SSD480WD-GRSATA,"WD WDS480G2G0A Green 480GB SSD. 3D NAND 2.5"" SSD/ SATA III 6Gb/s - Read: Up to 545MB/s - 3 Years Limited Warranty",621
274830,ZWAR-TOS-2YR,"TOSHIBA from 1 Year  to 3 Year Extended Warranty ( with all the benefits of local repair, free courier pick up/drop off ) *To activate serivce you must open and register the Warranty extendion card within 14 days*",622
274831,ZZAT-MANAGED-AV,"AustinCare Managed End Point Security - 60 Days Free Trial ",623
274941,SYS-I7980ULTIMA,"Austin FUSION REACTOR. Want to contend for the fastest desktop in the southern hemisphere?",624
274942,CPU-AM4-200GE,"AMD Athlon 200GE,2-Core/4 Threads, Max Freq 3.2Ghz,5MB Cache Socket AM4 35W,with Radeon Vega ",625
274970,GCRTX2080DUALO8,"ASUS DUAL-RTX2080-O8G GeForce RTX 2080 8GB GDDR6",626
274971,GCRTX2080GMOC8G,"Gigabyte nVidia GeForce RTX 2080 GAMING OC 8GB GDDR6 8K 7680x4320@60Hz 3xDP1.4 HDMI2.0 USB-C Windforce 3X Fan RGB Fusion NVLink Metal Back Plate",627
275097,SYS-A34,"Austin A34",628
275102,SYS-A39,"Austin A39",629
275104,SYS-A48,"Austin A48",630
275105,SYS-A49,"Austin A49",631
275132,SYS-AT-AMD6X-1,"Austin Perseus I7 GTX1070TI - A6",632
275133,SYS-AT-MEDIAPC,"Austin Mini Value PC - A50",633
275135,SYS-AT-MODEL8-,"Austin Prime Builder - A20",634
275136,SYS-AUS-GAMING2,"Intel Mini NUC  - A23",635
275169,SYS-A29,"Austin A29",636
275170,SYS-A30,"Austin A30",637
275213,SYS-A7,"Austin Professional I7 Quadro - A7",638
275278,SYS-SER-ENTP,"Austin CAD Pro - A34",639
275280,SYS-SERVER-PLAT,"Austin Perseus Gaming Essential - A35",640
275286,MBMS-A320MPROVH,"MSI A320M PRO-VH PLUS AMD A320 Socket AM4 Micro ATX motherboard",641
275292,ZWAR-SNB,"See Notes Below",642
275293,WAR-AUS-RTB3,"Austin System Build 3 Years Labour & Parts Return To Base Warranty",643
275317,SYS-AT-AMD6X,"Austin Work Essential I5 Intel HD- A12",644
275319,SYS-AT-AUSBENE,"Austin Creative R5 GTX1050 - A18",645
275321,SYS-AT-AUSPECIA,"Austin Home Value G3900 Intel HD - A1",646
275323,SYS-AT-AVB,"Austin Work Essential Intel Pentium - A5",647
275325,SYS-AT-CAD1,"Austin Perseus Gaming i7 GTX1080TI - A36",648
275327,SYS-AT-CAD2,"Austin Heracles Gaming i7 RTX2080 - A37",649
275330,SYS-AT-CAD3,"Austin Perseus Gaming R7 GTX1080Ti - A38",650
275332,SYS-AT-MEDIAPC2,"Asus VivoMini - A9",651
275334,SYS-AT-MODEL16,"Austin Work Value Ryzen 3 - A11",652
275336,SYS-AT-MODEL21,"Austin Atalanta Gaming i5 GTX1060 - A21",653
275337,SYS-AT-MODEL3,"Austin Phoenix Gaming AMD R5 GTX1050 - A3",654
275339,SYS-AT-MODEL3-1,"Austin Odysseus Gaming AMD R5 GTX1050 - A15",655
275341,SYS-AT-MODEL4,"Austin Home Intel i3 GT1030 - A4",656
275343,SYS-AT-MODEL6,"Austin Professional I7 Quadro - A7",657
275345,SYS-AT-MODEL8,"Austin Heracles AMD RX580 TUF - A20",658
275347,SYS-AT-SERVER1,"Austin Atalanta Gaming i5 GTX1070 - A17",659
275349,SYS-AT-SERVER2-,"Austin Home Essential AMD R3 - A2",660
275351,SYS-AT-SERVER4,"Austin Odysseus Gaming i5 RX560  - A16",661
275353,SYS-AT-SVRFS105,"Austin Heracles Gaming i7 GTX1080Ti - A40",662
275355,SYS-AUS-GAMING1,"Austin Theseus Gaming AMD R7 RX580  - A22",663
275357,SYS-SERVER-GOLD,"Austin Perseus Gaming Essential - A10",664
275359,SYS-SERVER-SILV,"Austin Compact Pro Gaming i7 RTX2080 - A27",665
275567,GCGTX1070GLEX8G,"GALAX GeForce GTX 1070 EX, 8GB, GDDR5, 256-bit, DP*3/HDMI/DVI-D, 4096x2160",666
275637,RD43200F4-32GVK,"G.SKILL RipjawsV 32GB (2x16GB) DDR4 3200Mhz C16 1.35V Gaming Memory Black",667
275642,SSD240SDG26,"SanDisk PLUS Solid State Drive 240GB, SR530/SW440MB/s, 3Y",668
275644,RD42666KVR26-8,"Kingston Technology ValueRAM 8GB DDR4 2666MHz 8GB DRAM 2666MHz memory module",669
275666,ACHD-2.5-3.5H,"2.5"" to 3.5"" SSD/HD Converter with Metal Frame [TGC-02]",670
275667,ACSSD-M.2-SATA,"StarTech.com M.2 NGFF SSD to 2.5in SATA Adapter Converter",671
275669,CAB-RCA1M-1M018,"Belkin AV21200-06 Composite Video Cable 1RCA-to-1RCA 1.8M",672
275670,CAB-RCA2M-2M015,"Belkin F8V230au1.5M 2RCA-to-2RCA Audio Lead 1.5m",673
275679,GCGT710GAD3-2G,"Gigabyte GV-N710D3-2GL GeForce GT 710 2GB GDDR3 graphics card",674
275680,MBASH110M-A-M2,"Asus H110M-A/M2 Micro-ATX Motherboard LGA 1151 / Intel H110 / 2x DDR4 / Intel® HD Graphics / 4x SATA3 / Realtek® ALC887-VD2 8-Channel  / LAN / DVI / D-SUB / HDM/ M2",675
275681,MBGA-AX370M-G3,"Gigabyte GA-AX370M GAMING 3 AM4 mATX MB 4xDDR4 3xPCIe DVI HDMI VGA M.2 6xSATA3 RAID GbE LAN 8xUSB3.1 6xUSB2.0 RGB ~GA-AB350M-Gaming-3",676
275683,PST-MCSDCS-128G,"Kingston 128GB microSDXC Canvas Select 80R CL10 UHS-I Card + SD Adapter",677
275684,PST-MCSDCS-16GB,"Kingston Technology Canvas Select 16GB MicroSDHC UHS-I Class 10 memory card",678
275686,PST-MCSDCS-256G,"Kingston 256GB microSDXC Canvas Select 80R CL10 UHS-I Card + SD Adapter",679
275688,PST-MCSDCS-32GB,"Kingston Technology Canvas Select 32GB MicroSDHC UHS-I Class 10 memory card",680
275691,PST-MCSDCX10-12,"Kingston Technology microSDXC Class 10 UHS-I 128GB 128GB MicroSDXC UHS Class 10 memory card",681
275692,RD42666KVR26-16,"Kingston Technology ValueRAM 16GB DDR4 2666MHz 16GB DDR4 2666MHz memory module",682
275694,CAB0HDMIDVI5MAS,"Astrotek HDMI to DVI-D Adapter Converter Cable 5m - Male to Male 30AWG OD6.0mm Gold Plated RoHS ~CBAT-HDMIDVID-MM-5",683
275697,GCRTX2080TGXTRI,"MSI GeForce® RTX 2080 Ti GAMING X TRIO",684
275702,ACSSD-MSATA/SAT,"Startech mSATA SSD to 2.5in SATA Adapter Converter - mSATA to SATA Adapter Converter for 2.5in Drive Bay with Open Frame Bracket and 7mm Drive Height - mSATA to SATA III",685
275703,CAS-AN-P7-S,"Antec P7 Silent with Sound Dampening ATX Case. External 5.25"" x 1, Internal 3.5"" x 2. Two Years Warranty",686
275704,DTHP400-G5,"HP 400 ProDesk G5 SFF, i5-8500, 8GB, 1TB, W10P64, 1-1-1",687
275723,ACNWATP-8P8C-5E,"Astrotek CAT5e UTP -RJ45 Connector 8P8C Network Plug 2 Prong Blade 3u"" Head 50pcs per bag",688
275739,MSRPM100BK,"RAPOO M100 2.4GHz & Bluetooth 3 / 4 Quiet Click Wireless Mouse Black - 1300dpi 3 Devices",689
275742,KBMSRPNX1710-B,"RAPOO NX1710 Wired Keyboard Mouse Optical Combo Black - 1000dpi Spill-Resistant Design",690
275743,KBMSRPX1800,"RAPOO X1800S 2.4GHz Wireless Optical Keyboard Mouse Combo Black - 1000DPI Nano Receiver 12m Battery",691
275744,KBRP-V52S,"RAPOO V52S Backlit Mechanic Alike Gaming Keyboard Black - Spill-Resistant Adjustable Backlight",692
275745,AUDHSRP-VH200,"RAPOO VH200 Illuminated RGB Glow Gaming Headsets Black - 16m Colour Breathing Light Hidden Noise-Cancelling Microphones",693
